/Content/main.css,-1,No Such Host
/200,-1,No Such Host
/200?sleep=5000,-1,No Such Host
/100,-1,No Such Host
/101,-1,No Such Host
/102,-1,No Such Host
/103,-1,No Such Host
/200,-1,No Such Host
/201,-1,No Such Host
/202,-1,No Such Host
/203,-1,No Such Host
/204,-1,No Such Host
/205,-1,No Such Host
/206,-1,No Such Host
/300,-1,No Such Host
/301,-1,No Such Host
/302,-1,No Such Host
/303,-1,No Such Host
/304,-1,No Such Host
/305,-1,No Such Host
/306,-1,No Such Host
/307,-1,No Such Host
/308,-1,No Such Host
/400,-1,No Such Host
/401,-1,No Such Host
/402,-1,No Such Host
/403,-1,No Such Host
/404,-1,No Such Host
/405,-1,No Such Host
/406,-1,No Such Host
/407,-1,No Such Host
/408,-1,No Such Host
/409,-1,No Such Host
/410,-1,No Such Host
/411,-1,No Such Host
/412,-1,No Such Host
/413,-1,No Such Host
/414,-1,No Such Host
/415,-1,No Such Host
/416,-1,No Such Host
/417,-1,No Such Host
/418,-1,No Such Host
/421,-1,No Such Host
/422,-1,No Such Host
/423,-1,No Such Host
/425,-1,No Such Host
/426,-1,No Such Host
/428,-1,No Such Host
/429,-1,No Such Host
/431,-1,No Such Host
/451,-1,No Such Host
/500,-1,No Such Host
/501,-1,No Such Host
/502,-1,No Such Host
/503,-1,No Such Host
/504,-1,No Such Host
/505,-1,No Such Host
/506,-1,No Such Host
/507,-1,No Such Host
/511,-1,No Such Host
/520,-1,No Such Host
/522,-1,No Such Host
/524,-1,No Such Host
